{
    "name": "root",
    "gauges": {
        "Monster.Policy.Entropy.mean": {
            "value": 1.3551414012908936,
            "min": 1.3543641567230225,
            "max": 1.359818458557129,
            "count": 7
        },
        "Monster.Policy.Entropy.sum": {
            "value": 33905.63671875,
            "min": 33674.34375,
            "max": 34333.1328125,
            "count": 7
        },
        "Monster.Environment.EpisodeLength.mean": {
            "value": 29.89122373300371,
            "min": 29.62241169305725,
            "max": 30.55359394703657,
            "count": 7
        },
        "Monster.Environment.EpisodeLength.sum": {
            "value": 24182.0,
            "min": 24125.0,
            "max": 24320.0,
            "count": 7
        },
        "Monster.Step.mean": {
            "value": 174965.0,
            "min": 24983.0,
            "max": 174965.0,
            "count": 7
        },
        "Monster.Step.sum": {
            "value": 174965.0,
            "min": 24983.0,
            "max": 174965.0,
            "count": 7
        },
        "Monster.Policy.ExtrinsicValueEstimate.mean": {
            "value": -0.09330464154481888,
            "min": -0.17682594060897827,
            "max": -0.09303990006446838,
            "count": 7
        },
        "Monster.Policy.ExtrinsicValueEstimate.sum": {
            "value": -78.74911499023438,
            "min": -147.47283935546875,
            "max": -78.15351867675781,
            "count": 7
        },
        "Monster.Environment.CumulativeReward.mean": {
            "value": -0.6832333781304039,
            "min": -0.77099077102747,
            "max": -0.6136959841636962,
            "count": 7
        },
        "Monster.Environment.CumulativeReward.sum": {
            "value": -552.7358029074967,
            "min": -610.6246906537563,
            "max": -486.6609154418111,
            "count": 7
        },
        "Monster.Policy.ExtrinsicReward.mean": {
            "value": -0.6832333781304039,
            "min": -0.77099077102747,
            "max": -0.6136959841636962,
            "count": 7
        },
        "Monster.Policy.ExtrinsicReward.sum": {
            "value": -552.7358029074967,
            "min": -610.6246906537563,
            "max": -486.6609154418111,
            "count": 7
        },
        "Monster.Losses.PolicyLoss.mean": {
            "value": 0.02031247631336252,
            "min": 0.01464889912555615,
            "max": 0.0210764786383758,
            "count": 7
        },
        "Monster.Losses.PolicyLoss.sum": {
            "value": 0.02031247631336252,
            "min": 0.01464889912555615,
            "max": 0.03277987862626711,
            "count": 7
        },
        "Monster.Losses.ValueLoss.mean": {
            "value": 0.18874895970026653,
            "min": 0.17631836632887524,
            "max": 0.19272372573614122,
            "count": 7
        },
        "Monster.Losses.ValueLoss.sum": {
            "value": 0.18874895970026653,
            "min": 0.17631836632887524,
            "max": 0.3835863471031189,
            "count": 7
        },
        "Monster.Policy.LearningRate.mean": {
            "value": 0.0004918012016397602,
            "min": 0.0004918012016397602,
            "max": 0.00049897545020491,
            "count": 7
        },
        "Monster.Policy.LearningRate.sum": {
            "value": 0.0004918012016397602,
            "min": 0.0004918012016397602,
            "max": 0.0009887275022545002,
            "count": 7
        },
        "Monster.Policy.Epsilon.mean": {
            "value": 0.1983602400000001,
            "min": 0.1983602400000001,
            "max": 0.19979509000000004,
            "count": 7
        },
        "Monster.Policy.Epsilon.sum": {
            "value": 0.1983602400000001,
            "min": 0.1983602400000001,
            "max": 0.3977455000000001,
            "count": 7
        },
        "Monster.Policy.Beta.mean": {
            "value": 0.007868983175999997,
            "min": 0.007868983175999997,
            "max": 0.007983627691,
            "count": 7
        },
        "Monster.Policy.Beta.sum": {
            "value": 0.007868983175999997,
            "min": 0.007868983175999997,
            "max": 0.015819865449999998,
            "count": 7
        },
        "Monster.IsTraining.mean": {
            "value": 1.0,
            "min": 1.0,
            "max": 1.0,
            "count": 7
        },
        "Monster.IsTraining.sum": {
            "value": 1.0,
            "min": 1.0,
            "max": 1.0,
            "count": 7
        }
    },
    "metadata": {
        "timer_format_version": "0.1.0",
        "start_time_seconds": "1680300561",
        "python_version": "3.9.6 (tags/v3.9.6:db3ff76, Jun 28 2021, 15:26:21) [MSC v.1929 64 bit (AMD64)]",
        "command_line_arguments": "C:\\Users\\ridzk\\AppData\\Roaming\\Python\\Python39\\Scripts\\mlagents-learn --run-id=monster_1.1 --initialize-from=monster_1.0 train_config.yaml --force",
        "mlagents_version": "0.30.0",
        "mlagents_envs_version": "0.30.0",
        "communication_protocol_version": "1.5.0",
        "pytorch_version": "1.7.1+cu110",
        "numpy_version": "1.21.2",
        "end_time_seconds": "1680300840"
    },
    "total": 279.3301388,
    "count": 1,
    "self": 0.00457109999996419,
    "children": {
        "run_training.setup": {
            "total": 0.10298770000000013,
            "count": 1,
            "self": 0.10298770000000013
        },
        "TrainerController.start_learning": {
            "total": 279.22258,
            "count": 1,
            "self": 0.4097950999997124,
            "children": {
                "TrainerController._reset_env": {
                    "total": 16.3016351,
                    "count": 1,
                    "self": 16.3016351
                },
                "TrainerController.advance": {
                    "total": 261.9193267000003,
                    "count": 17689,
                    "self": 0.19723430000124154,
                    "children": {
                        "env_step": {
                            "total": 261.72209239999904,
                            "count": 17689,
                            "self": 210.45864409999646,
                            "children": {
                                "SubprocessEnvManager._take_step": {
                                    "total": 51.05413749999917,
                                    "count": 17689,
                                    "self": 0.9043473999992102,
                                    "children": {
                                        "TorchPolicy.evaluate": {
                                            "total": 50.14979009999996,
                                            "count": 12891,
                                            "self": 50.14979009999996
                                        }
                                    }
                                },
                                "workers": {
                                    "total": 0.20931080000340074,
                                    "count": 17688,
                                    "self": 0.0,
                                    "children": {
                                        "worker_root": {
                                            "total": 250.59110109999898,
                                            "count": 17688,
                                            "is_parallel": true,
                                            "self": 84.02424829999788,
                                            "children": {
                                                "steps_from_proto": {
                                                    "total": 0.0005711000000001576,
                                                    "count": 1,
                                                    "is_parallel": true,