{"count":1,"self":907.80518399999994,"total":3723.0417294999997,"children":{"InitializeActuators":{"count":15,"self":0.0010003,"total":0.0010003,"children":null},"InitializeSensors":{"count":15,"self":0.0030007,"total":0.0030007,"children":null},"AgentSendState":{"count":1506834,"self":7.8149112,"total":202.3277989,"children":{"CollectObservations":{"count":4520505,"self":131.7613568,"total":131.7613539,"children":null},"WriteActionMask":{"count":4520505,"self":0.72155079999999994,"total":0.72155079999999994,"children":null},"RequestDecision":{"count":4520505,"self":5.30645,"total":62.0299829,"children":{"AgentInfo.ToProto":{"count":4520505,"self":5.2199348,"total":56.723532899999995,"children":{"GenerateSensorData":{"count":4520505,"self":51.5035968,"total":51.5035981,"children":null}}}}}}},"DecideAction":{"count":1506834,"self":2601.6659455999998,"total":2601.6658743999997,"children":null},"AgentAct":{"count":1506834,"self":9.4167208,"total":9.4167209,"children":null},"AgentInfo.ToProto":{"count":86495,"self":0.2950884,"total":1.8221195,"children":{"GenerateSensorData":{"count":86495,"self":1.5270310999999999,"total":1.5270310999999999,"children":null}}}},"gauges":{"Ship.CumulativeReward":{"count":86495,"max":1.9488889,"min":-3,"runningAverage":1.68399739,"value":1.91022229,"weightedAverage":1.92384374}},"metadata":{"timer_format_version":"0.1.0","start_time_seconds":"1679433848","unity_version":"2021.3.8f1","command_line_arguments":"C:\\Users\\ridzk\\OneDrive\\Desktop\\2021.3.8f1\\Unity.exe -projectpath C:\\Users\\ridzk\\OneDrive\\Desktop\\Epic Documents\\UnityProjects\\MLAgents-test -useHub -hubIPC -cloudEnvironment production -licensingIpc LicenseClient-ridzk -hubSessionId 6a649b00-c815-11ed-a5fe-974ef214b52f","communication_protocol_version":"1.5.0","com.unity.ml-agents_version":"2.0.1","scene_name":"Training","end_time_seconds":"1679437571"}}